signal muon barrel, bin1, bin2, bin3, bin4, bin5, bin6, bin7, bin8, bin9, bin10, bin11, bin12, 
WGJJ_pdf, 0.000827310811049, 0.00174178278677, 0.0009502848531, 0.00170858877239, 0.000775160229487, 0.000759020484293, 0.000724151469443, 0.00103042501437, 0.00116698954678, 0.00094343639167, 0.0018574993537, 0.000679361734614
WGJJ_scale, 0.0574225307673, 0.0535014129423, 0.0331303119912, 0.0205137913668, 0.054748658014, 0.0418669041161, 0.0284029855614, 0.018963402923, 0.0400177573551, 0.0289668987091, 0.01466773108, 0.0268276254912
WGJets_pdf, 0.000566375031371, 0.000376372150213, 0.000705841903673, 0.00088836272277, 0.000651125225549, 0.000474780056951, 0.000566446357645, 0.000789083911851, 0.000421674092421, 0.000632865394696, 0.000509422751085, 0.00136329164703
WGJets_muR1, 0.0235576723416, 0.0132808016114, 0.000576704264785, 0.00536745346861, 0.0189901429112, 0.0216687210773, 0.0155931080307, 0.00215941138729, 0.0059147397926, 0.0291903387576, 0.0140391728211, 0.025045062603
WGJets_muF1, 0.0119963782049, 0.0106509239117, 0.0100539623121, 0.00823049406464, 0.00703353568987, 0.00649090178977, 0.00853144087306, 0.0298098680882, 0.00107913546955, 0.0169534062249, 0.00949260909828, 0.00422481970015
WGJets_muRmuF, 0.0355286089771, 0.0237979217412, 0.0091459131013, 0.013599687857, 0.0257028209898, 0.0155636842061, 0.00714729459888, 0.0320184215761, 0.00700780395593, 0.0461855793336, 0.0235223916024, 0.0287932706808
