aqgc electron all, bin1, bin2, bin3, bin4, bin5, 
WGJJ_pdf, 0.000652120723491, 0.0009840635781, 0.0032479829057, 0.00411314269548, 0.00821124201239
WGJJ_scale, 0.00878235726067, 0.00148310258643, 0.0185293924982, 0.0294349200423, 0.02623851168
WGJets_pdf, 0.000614376203651, 0.00148392629125, 0.00181961995388, 0.00457098615173, 0.0307022988658
WGJets_muR1, 0.00343507122714, 0.0291766040516, 0.00237015213566, 0.203155104158, 0.0258848995569
WGJets_muF1, 0.00507364045755, 0.0323268715298, 0.0311530563571, 0.0953508004369, 0.0680727680134
WGJets_muRmuF, 0.00182453261095, 0.00324643032692, 0.0283358314512, 0.30481227667, 0.0942068396238
