2017, barrel, endcap
25 GeV < photon pt < 30 GeV, 0.395029881752 +- 0.0155209412364, 0.356574202618 +- 0.0331336140104
30 GeV < photon pt < 40 GeV, 0.342208218123 +- 0.013467104958, 0.285998623898 +- 0.0260019138038
40 GeV < photon pt < 50 GeV, 0.290713569595 +- 0.016093678528, 0.214339901175 +- 0.0291052186586
50 GeV < photon pt < 70 GeV, 0.240703990871 +- 0.0137836563193, 0.217071354546 +- 0.0271758277241
70 GeV < photon pt < 100 GeV, 0.203577595993 +- 0.0151966720482, 0.172863524647 +- 0.030596951425
100 GeV < photon pt < 135 GeV, 0.123406758851 +- 0.0160282866882, 0.102890020052 +- 0.0376816227778
135 GeV < photon pt < 400 GeV, 0.0738432174071 +- 0.0131100738599, 0.0480520132384 +- 0.0245361386611
