2016, barrel, endcap
25 GeV < photon pt < 30 GeV, 0.0138650795268 +- 0.266810761266, 0.0584228288957 +- 0.167468551983
30 GeV < photon pt < 40 GeV, 0.0149556195841 +- 0.240119964577, 0.0625068921717 +- 0.241783990278
40 GeV < photon pt < 50 GeV, 0.0995616261196 +- 0.228064936017, 0.103372776586 +- 0.188015869514
50 GeV < photon pt < 70 GeV, 0.124355100485 +- 0.194390628043, 0.123247301878 +- 0.187480526154
70 GeV < photon pt < 100 GeV, 0.145927673801 +- 0.249780519724, 0.1351028391 +- 0.199013475253
100 GeV < photon pt < 135 GeV, 0.12703858005 +- 0.193379039603, 0.135134179179 +- 0.201355981394
135 GeV < photon pt < 400 GeV, 0.104040532163 +- 0.155084225854, 0.0925971825404 +- 0.140014442761
