2016, barrel, endcap
25 GeV < photon pt < 30 GeV, 0.334065295808 +- 0.00534600862347, 0.326238918153 +- 0.0084667724372
30 GeV < photon pt < 40 GeV, 0.235268318766 +- 0.00388448929176, 0.240563883992 +- 0.00626381952582
40 GeV < photon pt < 50 GeV, 0.177836122643 +- 0.00434763317221, 0.182542739601 +- 0.00707181895621
50 GeV < photon pt < 70 GeV, 0.138329828406 +- 0.00357984503372, 0.154183588674 +- 0.00645678901772
70 GeV < photon pt < 100 GeV, 0.10498741052 +- 0.00379328066792, 0.108496274462 +- 0.00688582227986
100 GeV < photon pt < 135 GeV, 0.0672171955463 +- 0.00405832560907, 0.0985445202722 +- 0.0109752238221
135 GeV < photon pt < 400 GeV, 0.0481052408914 +- 0.00352792711564, 0.093634971884 +- 0.0141322128217
