control muon endcap, bin1, bin2, bin3, 
WGJJ_pdf, 0.000264299960912, 0.0002390428089, 0.000260908342597
WGJJ_scale, 0.00933181970332, 0.00125370173788, 0.00965043765049
WGJets_pdf, 0.0, 0.0, 0.0
WGJets_muR1, 0.0, 0.0, 0.0
WGJets_muF1, 0.0, 0.0, 0.0
WGJets_muRmuF, 0.0, 0.0, 0.0
