signal electron endcap, bin1, bin2, bin3, bin4, bin5, bin6, bin7, bin8, bin9, bin10, bin11, bin12, 
WGJJ_pdf, 0.00104901563695, 0.00617134927378, 0.000928943247196, 0.0016356733991, 0.00151550359262, 0.00721446425003, 0.000885422782705, 0.00121495536368, 0.0025749550501, 0.000871749335116, 0.000631477998902, 0.000591170165198
WGJJ_scale, 0.0500818679029, 0.0428064464752, 0.0286610608652, 0.0199564255937, 0.0462118480204, 0.0550096857039, 0.0301459105434, 0.0173241021498, 0.0416857406621, 0.0317495904057, 0.019774731033, 0.0248548195379
WGJets_pdf, 0.0, 0.0, 0.0, 0.0, 0.0, 0.0, 0.0, 0.0, 0.0, 0.0, 0.0, 0.0
WGJets_muR1, 0.0, 0.0, 0.0, 0.0, 0.0, 0.0, 0.0, 0.0, 0.0, 0.0, 0.0, 0.0
WGJets_muF1, 0.0, 0.0, 0.0, 0.0, 0.0, 0.0, 0.0, 0.0, 0.0, 0.0, 0.0, 0.0
WGJets_muRmuF, 0.0, 0.0, 0.0, 0.0, 0.0, 0.0, 0.0, 0.0, 0.0, 0.0, 0.0, 0.0
