signal muon endcap, bin1, bin2, bin3, bin4, bin5, bin6, bin7, bin8, bin9, bin10, bin11, bin12, 
WGJJ_pdf, 0.00161739886426, 0.00214046990374, 0.00171282730212, 0.00546346270245, 0.00240215764539, 0.00179007808123, 0.025293619313, 0.00184241564438, 0.00199162499309, 0.00146288715866, 0.00133964250111, 0.00123881727637
WGJJ_scale, 0.0494609276619, 0.0370439281946, 0.0229877130292, 0.017315995716, 0.0593585796339, 0.0434751371601, 0.0408946352956, 0.020278690228, 0.0464782080743, 0.0284674509556, 0.0171758696513, 0.0271997325591
WGJets_pdf, 0.00162394451654, 0.00215270308595, 0.0011647617967, 0.00149538234573, 0.00136666786555, 0.00129827776458, 0.00394589745803, 0.00135462286363, 0.00131830119609, 0.00223768561618, 0.0024990537702, 0.00409772411744
WGJets_muR1, 0.00887070214522, 0.0137488774165, 0.0249392873666, 0.0107337714562, 0.0340520833371, 0.0268391202638, 0.0826091259093, 0.0551849265316, 0.0273086005125, 0.0104820620845, 0.0110204384723, 0.00113477640255
WGJets_muF1, 0.00496386642137, 0.0407556445777, 0.033478278078, 0.0287211079133, 0.00127887108197, 0.0177602648456, 0.0132819130338, 0.0201334174875, 0.00758037815324, 0.0475176675107, 0.00975612120018, 0.00281375392805
WGJets_muRmuF, 0.00395115036465, 0.053711912432, 0.0575387848869, 0.0179627270602, 0.035445567844, 0.00947351368822, 0.0702048119619, 0.0348953102322, 0.0205355514413, 0.0573826339169, 0.00115701514435, 0.00360443743247
