control electron barrel, bin1, bin2, bin3, 
WGJJ_pdf, 0.00052493178871, 0.000304870959255, 0.000399466216361
WGJJ_scale, 0.00444688259085, 0.00153677470821, 0.00530310918065
WGJets_pdf, 9.28205719109e-05, 0.000189432364061, 0.000251302531916
WGJets_muR1, 0.00277714706597, 0.000853476152837, 0.00979118409307
WGJets_muF1, 0.00105960483667, 0.000725026939899, 0.0044400315105
WGJets_muRmuF, 0.00175056522077, 0.000148359843016, 0.00548479307773
