signal muon barrel, bin1, bin2, bin3, bin4, bin5, bin6, bin7, bin8, bin9, bin10, bin11, bin12, 
WGJJ_pdf, 0.000707531884705, 0.000534997679727, 0.000421797368876, 0.000320587742488, 0.000642383302878, 0.000501229595185, 0.00040825874103, 0.000343798293991, 0.000542347010982, 0.000596878305205, 0.000384470109156, 0.000551786845065
WGJJ_scale, 0.0583566324064, 0.0472441768271, 0.0310373032799, 0.0167847631941, 0.0525434987016, 0.044851999699, 0.028897698797, 0.0198174815441, 0.0374926317029, 0.0299407278683, 0.0156645228199, 0.0292530445119
WGJets_pdf, 0.00059756290775, 0.000389682370387, 0.000813489969178, 0.00107321567257, 0.000623183377769, 0.000536324574679, 0.000586945330746, 0.000816649298193, 0.000451235709832, 0.000701616887853, 0.000597482879605, 0.00162865629575
WGJets_muR1, 0.0257801452389, 0.0217105103967, 0.00165500079308, 0.00918173921033, 0.0183698337953, 0.0294733382862, 0.0125660870414, 0.000390690283162, 0.00432184357792, 0.0288307968654, 0.0148937383442, 0.0270980082527
WGJets_muF1, 0.00871992254076, 0.00996029507373, 0.0105449085681, 0.0125923959283, 0.0149087436467, 0.00703223598953, 0.00745692487223, 0.0284970931889, 0.00230616778931, 0.0162425708989, 0.0128277755298, 0.00145664174266
WGJets_muRmuF, 0.0345220737871, 0.0315946776224, 0.00855997909705, 0.0217578708668, 0.032831143329, 0.0229578116163, 0.00517430738868, 0.0281111880824, 0.00662353190443, 0.0451635602421, 0.0277082627553, 0.0280393664972
