control muon endcap, bin1, bin2, bin3, 
WGJJ_pdf, 0.000376771741874, 0.000943985036774, 0.000863054395667
WGJJ_scale, 0.00408978707269, 0.00290369184122, 0.000761939749911
WGJets_pdf, 0.00028827979045, 0.000339475290997, 0.000536111788285
WGJets_muR1, 0.0105794608878, 0.0067926926943, 0.0187123121191
WGJets_muF1, 0.0066614555, 0.00688641826135, 0.0076802560065
WGJets_muRmuF, 0.00400383967808, 5.11767102135e-05, 0.0112036236994
