control muon barrel, bin1, bin2, bin3, 
WGJJ_pdf, 0.000189332931067, 0.000261846873693, 0.000238688320125
WGJJ_scale, 0.00759813798005, 0.000622451791662, 0.00816035074163
WGJets_pdf, 0.0, 0.0, 0.0
WGJets_muR1, 0.0, 0.0, 0.0
WGJets_muF1, 0.0, 0.0, 0.0
WGJets_muRmuF, 0.0, 0.0, 0.0
