control electron barrel, bin1, bin2, bin3, 
WGJJ_pdf, 0.000109491104715, 0.000215702870156, 0.000291277568215
WGJJ_scale, 0.0074948950532, 0.000234803899226, 0.00790575021133
WGJets_pdf, 0.0, 0.0, 0.0
WGJets_muR1, 0.0, 0.0, 0.0
WGJets_muF1, 0.0, 0.0, 0.0
WGJets_muRmuF, 0.0, 0.0, 0.0
