signal muon endcap, bin1, bin2, bin3, bin4, 
WGJJ_pdf, 0.000622470348873, 0.000279719555335, 0.000406408623919, 0.000675213382736
WGJJ_scale, 0.0056550048219, 0.00529406959367, 0.000704428008665, 0.0121464599825
WGJets_pdf, 0.00120658551621, 0.00104784631039, 0.00246234606674, 0.0023742457069
WGJets_muR1, 0.0105278232956, 0.000711590365775, 0.0224560188701, 0.0339465157722
WGJets_muF1, 0.00540900320389, 0.00607618100615, 0.0253144215724, 0.00393647852901
WGJets_muRmuF, 0.00499244516031, 0.00545260199321, 0.0477111929351, 0.0374931568122
