signal muon barrel, bin1, bin2, bin3, bin4, 
WGJJ_pdf, 0.000336616430595, 0.000235594015694, 0.00027040734392, 0.000383427615363
WGJJ_scale, 0.00691904306263, 0.00490846872193, 0.000184504663627, 0.012571550563
WGJets_pdf, 0.0, 0.0, 0.0, 0.0
WGJets_muR1, 0.0, 0.0, 0.0, 0.0
WGJets_muF1, 0.0, 0.0, 0.0, 0.0
WGJets_muRmuF, 0.0, 0.0, 0.0, 0.0
