signal electron endcap, bin1, bin2, bin3, bin4, 
WGJJ_pdf, 0.000919536080326, 0.000517445140268, 0.00039730902758, 0.000582097707801
WGJJ_scale, 0.00304439637384, 0.00408548432259, 0.0027713132228, 0.00853731245399
WGJets_pdf, 0.0, 0.0, 0.0, 0.0
WGJets_muR1, 0.0, 0.0, 0.0, 0.0
WGJets_muF1, 0.0, 0.0, 0.0, 0.0
WGJets_muRmuF, 0.0, 0.0, 0.0, 0.0
