signal muon endcap, bin1, bin2, bin3, bin4, 
WGJJ_pdf, 0.00074812453962, 0.000748112506379, 0.000471950798183, 0.000716667314785
WGJJ_scale, 0.00665971639563, 0.00361106064081, 0.000221397878969, 0.0115464471616
WGJets_pdf, 0.0, 0.0, 0.0, 0.0
WGJets_muR1, 0.0, 0.0, 0.0, 0.0
WGJets_muF1, 0.0, 0.0, 0.0, 0.0
WGJets_muRmuF, 0.0, 0.0, 0.0, 0.0
