signal electron barrel, bin1, bin2, bin3, bin4, 
WGJJ_pdf, 0.000513324282149, 0.000398220718614, 0.000598779746747, 0.00030254965826
WGJJ_scale, 0.00882126259047, 0.00581535609197, 0.000235508877487, 0.00858052889743
WGJets_pdf, 0.000826509643788, 0.000480970563025, 0.000615516081343, 0.000639762532074
WGJets_muR1, 0.0119526470869, 0.00303499757975, 0.00629568614453, 0.00479800643796
WGJets_muF1, 0.01524712092, 0.0120210531917, 0.00132533801804, 0.0244477745683
WGJets_muRmuF, 0.00346653314799, 0.0152171459201, 0.00500482614559, 0.0199210022608
