control muon barrel, bin1, bin2, bin3, bin4, 
WGJJ_pdf, 0.000330904567994, 0.000265375462939, 0.000249793711935, 0.000987892111226
WGJJ_scale, 0.00951480350898, 0.00679655497573, 0.0014572979459, 0.0214221871809
WGJets_pdf, 0.000384401656629, 0.00020401722948, 0.000229359381957, 0.000660155863545
WGJets_muR1, 0.00730452281827, 0.00384661394982, 0.000470653091758, 0.0172988013924
WGJets_muF1, 0.0134918060521, 0.00736461917804, 0.00766486045808, 0.023703820625
WGJets_muRmuF, 0.00626440714213, 0.00357570707144, 0.00716888787189, 0.00666691610132
