2017, barrel, endcap
25 GeV < photon pt < 30 GeV, 0.422355689595 +- 0.0162267459836, 0.377211657071 +- 0.0343081331963
30 GeV < photon pt < 40 GeV, 0.363254489892 +- 0.0140401275475, 0.301361339755 +- 0.0267195710511
40 GeV < photon pt < 50 GeV, 0.313015382121 +- 0.0168926776035, 0.221924489727 +- 0.0300484382677
50 GeV < photon pt < 70 GeV, 0.260175543713 +- 0.014532241454, 0.224516878132 +- 0.0275908291944
70 GeV < photon pt < 100 GeV, 0.228375619922 +- 0.0165344083831, 0.179008496949 +- 0.0312973484296
100 GeV < photon pt < 135 GeV, 0.132116941978 +- 0.0167465753693, 0.0937803432548 +- 0.0374982326217
135 GeV < photon pt < 400 GeV, 0.0852314902588 +- 0.0148879714437, 0.0253274949338 +- 0.025063685351
