2016, barrel, endcap
25 GeV < photon pt < 30 GeV, 0.0124548818091 +- 0.301438478382, 0.0595976284042 +- 0.176727386182
30 GeV < photon pt < 40 GeV, 0.0135288193829 +- 0.326236307909, 0.0627329357771 +- 0.246489371964
40 GeV < photon pt < 50 GeV, 0.100239876635 +- 0.339354318492, 0.107897252012 +- 0.171230120577
50 GeV < photon pt < 70 GeV, 0.12608027821 +- 0.22344713131, 0.127617788413 +- 0.183956081522
70 GeV < photon pt < 100 GeV, 0.152600729923 +- 0.260846431485, 0.140865305435 +- 0.206495542072
100 GeV < photon pt < 135 GeV, 0.137697561283 +- 0.209111021301, 0.144031767444 +- 0.214776604645
135 GeV < photon pt < 400 GeV, 0.109966283065 +- 0.163882742085, 0.106305703887 +- 0.160185554641
