2016, barrel, endcap
25 GeV < photon pt < 30 GeV, 0.35255103876 +- 0.00681856767108, 0.34520517906 +- 0.0108108308233
30 GeV < photon pt < 40 GeV, 0.250674043224 +- 0.00495206772888, 0.255888095888 +- 0.00806240827795
40 GeV < photon pt < 50 GeV, 0.190356415872 +- 0.00555139378225, 0.19183147509 +- 0.00904446185433
50 GeV < photon pt < 70 GeV, 0.145565551395 +- 0.00449541662831, 0.171103380285 +- 0.00860371191542
70 GeV < photon pt < 100 GeV, 0.115199537458 +- 0.00497438686085, 0.121721119413 +- 0.00929832472156
100 GeV < photon pt < 135 GeV, 0.0689232363133 +- 0.00507042931619, 0.104265471345 +- 0.0142198458604
135 GeV < photon pt < 400 GeV, 0.0494240990672 +- 0.0044374234227, 0.109164134601 +- 0.0197215334959
