control muon barrel, bin1, bin2, bin3, bin4, 
WGJJ_pdf, 0.000233614616191, 0.000259238983429, 0.000194842937296, 0.000437179562464
WGJJ_scale, 0.0129624862759, 0.00897286435286, 0.00149979076579, 0.0198593277017
WGJets_pdf, 0.000142340359133, 0.000159520118682, 0.000129446889595, 0.000291131252781
WGJets_muR1, 0.00903682310438, 0.00168998547157, 0.00292687112051, 0.00957591455735
WGJets_muF1, 0.00695590883893, 0.00572562146151, 0.00201627060833, 0.0120122151488
WGJets_muRmuF, 0.00197623257295, 0.00409177214091, 0.000949285490981, 0.00264933421888
