signal electron endcap, bin1, bin2, bin3, bin4, 
WGJJ_pdf, 0.00114392938824, 0.000792480743919, 0.000656335018633, 0.00070092091734
WGJJ_scale, 0.00884715780846, 0.00626015370891, 0.00230453673619, 0.014107435977
WGJets_pdf, 0.000868748011618, 0.000775590276294, 0.0014329569603, 0.0012584786333
WGJets_muR1, 0.0189248813763, 0.000550557869703, 0.00993948861351, 0.00650505718341
WGJets_muF1, 0.00136531526474, 0.00453264693865, 0.0108093790103, 0.00546152869127
WGJets_muRmuF, 0.0205508762088, 0.00446524995677, 0.000359576189118, 0.0123636559559
