control muon endcap, bin1, bin2, bin3, bin4, 
WGJJ_pdf, 0.000314347504409, 0.000422903534336, 0.000578091913203, 0.000752662098673
WGJJ_scale, 0.0126705577541, 0.00596422527487, 0.00341958511262, 0.0213719986198
WGJets_pdf, 0.000275290659197, 0.000306175994526, 0.00031651240832, 0.000632131612329
WGJets_muR1, 0.00587150359803, 0.00303067916141, 0.000605413697906, 0.00362477763113
WGJets_muF1, 0.0080507639458, 0.00123951393482, 0.00511798262036, 0.0145073946137
WGJets_muRmuF, 0.0139941407283, 0.00395933939539, 0.00442118968426, 0.0184629972993
