control electron barrel, bin1, bin2, bin3, bin4, 
WGJJ_pdf, 0.000244618544979, 0.000291013805199, 0.000411844281407, 0.000214438678397
WGJJ_scale, 0.0132467228201, 0.0085593578827, 0.00222569861771, 0.0174068768429
WGJets_pdf, 0.000319741291294, 0.000248831032731, 0.000202312894775, 0.00032104312604
WGJets_muR1, 0.00505367232012, 0.00395745298215, 0.00605905027461, 0.00655068188889
WGJets_muF1, 0.00471498683832, 0.00372252841933, 0.000872701071317, 0.00702121753402
WGJets_muRmuF, 0.000181679865014, 0.00780528399058, 0.00690433056163, 0.000753380573175
