signal muon barrel, bin1, bin2, bin3, bin4, bin5, bin6, bin7, bin8, bin9, bin10, bin11, bin12, 
WGJJ_pdf, 0.000885417326276, 0.00165780915722, 0.00102722875971, 0.0015371954533, 0.000818578014819, 0.000844456035886, 0.000960793137901, 0.00100504491972, 0.00119474570077, 0.000921288064579, 0.00191036784139, 0.000682279669173
WGJJ_scale, 0.0584983017594, 0.0528415579228, 0.0334355592719, 0.0209386860535, 0.0550824938902, 0.0404893846683, 0.0287050795782, 0.0191311679279, 0.0385533666206, 0.0286140269399, 0.0144769132876, 0.0270529658663
WGJets_pdf, 0.000610170478473, 0.000390376167109, 0.000814347302718, 0.000987562945921, 0.000678445823936, 0.000591895345867, 0.000607282203545, 0.000826411589642, 0.000467942160788, 0.000750907823477, 0.000584934294553, 0.00149507946155
WGJets_muR1, 0.0258371789934, 0.01907965457, 0.00321677770009, 0.00794693666678, 0.0206816499592, 0.0362325119047, 0.0098957167227, 0.00135467958159, 0.00549794790332, 0.0289425059048, 0.0146728052538, 0.0291953443485
WGJets_muF1, 0.0117717540957, 0.0121562662154, 0.0116030318649, 0.0110831204461, 0.0119021708312, 0.00913868410741, 0.00727597451299, 0.02905167726, 0.000103997352268, 0.0209859113357, 0.0129577361457, 0.00329832126497
WGJets_muRmuF, 0.0375600967776, 0.0311168537397, 0.00806627207903, 0.0189800884378, 0.0322164865909, 0.0276519068297, 0.00264946689237, 0.0304934634503, 0.00546610949849, 0.0499951160138, 0.0276036997693, 0.0320208347303
