signal electron endcap, bin1, bin2, bin3, bin4, bin5, bin6, bin7, bin8, bin9, bin10, bin11, bin12, 
WGJJ_pdf, 0.00148389422993, 0.00672140713118, 0.00156047499971, 0.005340879338, 0.00188894000421, 0.00135221400877, 0.00153168680232, 0.00251091011763, 0.00126031193949, 0.00111358485956, 0.00106033423568, 0.000515250651629
WGJJ_scale, 0.0482573964997, 0.0425925946932, 0.0216949005857, 0.0145396218021, 0.0619738782083, 0.0499724345725, 0.0323841904172, 0.0135844171076, 0.0425424947809, 0.0345838831094, 0.0201445733617, 0.0238837446365
WGJets_pdf, 0.0018956957839, 0.00186710393474, 0.00166474795607, 0.00461332990581, 0.00143870225873, 0.0023853733074, 0.00122799753166, 0.00166270390745, 0.00108022773518, 0.00121663033578, 0.00102272265624, 0.00326035459392
WGJets_muR1, 0.0254488107384, 0.0667516125647, 0.0921231013635, 0.00808702708292, 0.00983631145434, 0.18967229684, 0.0155355302475, 0.135906693009, 0.0226471020188, 0.0169139834504, 0.0011275371873, 0.0174733280435
WGJets_muF1, 0.0190178766095, 0.0142025359918, 0.00914487999339, 0.0287750562612, 0.0159226526542, 0.0823461530156, 0.0139016500104, 0.0362614778077, 0.0170612076093, 0.00976111998231, 0.0010837722685, 0.0341477900336
WGJets_muRmuF, 0.0071382915816, 0.0525659846035, 0.0842408242958, 0.01939666799, 0.00632202209879, 0.271499335216, 0.0295008670575, 0.173852543788, 0.00551215814863, 0.0271841482375, 0.000202462802842, 0.0512310230018
