signal electron barrel, bin1, bin2, bin3, bin4, bin5, bin6, bin7, bin8, bin9, bin10, bin11, bin12, 
WGJJ_pdf, 0.000833407197959, 0.000941800189372, 0.000567858539429, 0.000334651465911, 0.000594362641909, 0.000786762461203, 0.000585174028856, 0.000672810794587, 0.000568071148602, 0.000618981948675, 0.000375997714174, 0.000529207112479
WGJJ_scale, 0.0540500431245, 0.0486157042982, 0.0352362101654, 0.01497774216, 0.0541895083307, 0.0413336440113, 0.0258588997248, 0.0184385098183, 0.0403471979842, 0.0312457333873, 0.0177940911622, 0.0271072395024
WGJets_pdf, 0.000593214371885, 0.00056461081734, 0.000590932832723, 0.00176277400466, 0.000450536778257, 0.000864937429985, 0.00104389093636, 0.00104132938292, 0.000508033341552, 0.00102950437108, 0.00153487712736, 0.00094513744569
WGJets_muR1, 0.00222980005122, 0.0118392938, 0.0293600185194, 0.0272729996238, 0.0277743545803, 0.091804276285, 0.0306197093167, 0.0258241869162, 0.0237433282946, 0.0154097995216, 0.0127173547228, 0.0247796992536
WGJets_muF1, 0.000319060057386, 0.00443579837151, 0.00499698093667, 0.0547813783888, 0.00464351903056, 0.0303961410412, 0.0121180689662, 0.0172222230209, 0.00934162402009, 0.0239141401376, 0.0167926745307, 0.000398123035787
WGJets_muRmuF, 0.00271520457771, 0.00698959713997, 0.0249039783884, 0.0817181794236, 0.0230794862405, 0.122251790631, 0.0186422513975, 0.00840679770182, 0.0334378567988, 0.00851360744732, 0.00416336429969, 0.0241574036215
