control muon endcap, bin1, bin2, bin3, 
WGJJ_pdf, 0.000303804242811, 0.000288901074824, 0.000228583745736
WGJJ_scale, 0.00668680542505, 0.000324599298913, 0.0074376009316
WGJets_pdf, 0.000281405641926, 0.00033090712071, 0.000505169320626
WGJets_muR1, 0.010686048745, 0.00652221690144, 0.0196888597895
WGJets_muF1, 0.00649862284427, 0.00650642786047, 0.00796956734998
WGJets_muRmuF, 0.00427735834503, 5.17299753527e-05, 0.0119148627791
