control electron endcap, bin1, bin2, bin3, 
WGJJ_pdf, 0.000637857100883, 0.000544960288796, 0.000691462390099
WGJJ_scale, 0.00641785331491, 0.000915605938169, 0.00808918774275
WGJets_pdf, 0.000309457172965, 0.000520513844681, 0.00091881749486
WGJets_muR1, 0.00324533517069, 0.00462028145959, 0.00246545139391
WGJets_muF1, 0.00794772205659, 0.0014458089689, 0.0216976583087
WGJets_muRmuF, 0.00459752616476, 0.00314832038793, 0.0188741667649
