aqgc muon all, bin1, bin2, bin3, bin4, bin5, 
WGJJ_pdf, 0.000952357719926, 0.00234835796594, 0.00241154768305, 0.00304278710362, 0.00524306220248
WGJJ_scale, 0.00375702388567, 0.00102471105016, 0.0110104742774, 0.0261732003348, 0.042803329977
WGJets_pdf, 0.0, 0.0, 0.0, 0.0, 0.0
WGJets_muR1, 0.0, 0.0, 0.0, 0.0, 0.0
WGJets_muF1, 0.0, 0.0, 0.0, 0.0, 0.0
WGJets_muRmuF, 0.0, 0.0, 0.0, 0.0, 0.0
