aqgc electron all, bin1, bin2, bin3, bin4, bin5, 
WGJJ_pdf, 0.001446036561, 0.00151176056096, 0.00728599607381, 0.0101807845336, 0.014747627784
WGJJ_scale, 0.00826660852228, 6.77026587728e-05, 0.0255515802182, 0.0185647958385, 0.0533445892324
WGJets_pdf, 0.0, 0.0, 0.0, 0.0, 0.0
WGJets_muR1, 0.0, 0.0, 0.0, 0.0, 0.0
WGJets_muF1, 0.0, 0.0, 0.0, 0.0, 0.0
WGJets_muRmuF, 0.0, 0.0, 0.0, 0.0, 0.0
