signal electron barrel, bin1, bin2, bin3, bin4, 
WGJJ_pdf, 0.000487178842208, 0.000411374391393, 0.0002900308792, 0.000522496082729
WGJJ_scale, 0.0149313656601, 0.0130576007358, 0.00530930274823, 0.014849104696
WGJets_pdf, 0.000491932461658, 0.000657184765227, 0.000534883462477, 0.000755407421813
WGJets_muR1, 0.0281302812091, 0.01186788957, 0.0109073034882, 0.0187862431987
WGJets_muF1, 0.00855239707017, 0.0201749084378, 0.00294642716995, 0.0160862757451
WGJets_muRmuF, 0.036294165606, 0.00836808842765, 0.0140111396412, 0.00217970670087
