control muon barrel, bin1, bin2, bin3, bin4, 
WGJJ_pdf, 0.000372018269486, 0.000335354590438, 0.00017008545675, 0.000823745081926
WGJJ_scale, 0.018608431266, 0.0115115551069, 0.00202450037455, 0.0275381052406
WGJets_pdf, 0.00031051384524, 0.000190556272176, 0.000153971403321, 0.000659344650483
WGJets_muR1, 0.0152193381407, 0.00162188557791, 0.00422662727028, 0.014461558899
WGJets_muF1, 0.00457267327384, 0.00760324040061, 0.00515342818459, 0.0162470370107
WGJets_muRmuF, 0.019201294233, 0.00930777599708, 0.00910295960923, 0.00239056696015
