control electron barrel, bin1, bin2, bin3, bin4, 
WGJJ_pdf, 0.000302008018858, 0.000178370395703, 0.000131233095446, 0.000274758573309
WGJJ_scale, 0.0188199056676, 0.0128490493719, 3.29114068122e-05, 0.0254118860404
WGJets_pdf, 0.000395873150362, 0.000306635033447, 0.000126027989726, 0.00066452264595
WGJets_muR1, 0.0168652481676, 0.00423313994434, 0.0096056747243, 0.0109425300221
WGJets_muF1, 0.00931772262577, 0.0112704775588, 0.00552974109043, 0.0159024346846
WGJets_muRmuF, 0.0255470912518, 0.00708275194615, 0.0149812978633, 0.00557059869126
