signal muon barrel, bin1, bin2, bin3, bin4, 
WGJJ_pdf, 0.000412512917872, 0.000239593104873, 0.000165372801829, 0.000356266130045
WGJJ_scale, 0.0162778734688, 0.0117323012048, 0.00491351907877, 0.0165348343658
WGJets_pdf, 0.000612845882272, 0.000242045850294, 0.000414662245583, 0.000758832473207
WGJets_muR1, 0.0269429920385, 0.0163982885222, 0.01947406971, 0.0235260760865
WGJets_muF1, 0.00860223513513, 0.00146468999211, 0.0038868263433, 0.0170121707508
WGJets_muRmuF, 0.0182485443546, 0.014636664752, 0.023321056546, 0.00612848632358
