signal electron barrel, bin1, bin2, bin3, bin4, bin5, bin6, bin7, bin8, bin9, bin10, bin11, bin12, 
WGJJ_pdf, 0.00173673396705, 0.00129752032827, 0.000507476154208, 0.00200440512709, 0.000910284255527, 0.00145509458226, 0.000703082203406, 0.00121627715077, 0.000666449075509, 0.000541498530813, 0.000554453775896, 0.000581202059909
WGJJ_scale, 0.060064031057, 0.0511918062595, 0.0319610712715, 0.016822289716, 0.0499964074111, 0.0492213437959, 0.0268715650025, 0.018366810432, 0.0405085857518, 0.027772450688, 0.0167796130579, 0.0268178976275
WGJets_pdf, 0.000585633384983, 0.000595024432761, 0.000563509757118, 0.00191965901918, 0.000436587775456, 0.000998309298781, 0.000963821299109, 0.000984853032219, 0.000514077547363, 0.000981307068465, 0.00146333625976, 0.000952975121271
WGJets_muR1, 0.000553679458701, 0.0179804674727, 0.0271639899134, 0.0329335894518, 0.0263756655056, 0.0884056482596, 0.0300927477549, 0.0239079267214, 0.0232801756891, 0.0140200797309, 0.0123565770585, 0.0268935661937
WGJets_muF1, 0.00056292962581, 0.00358826999059, 0.00152677836037, 0.0512984583993, 0.00797007940197, 0.0351046010573, 0.0142074360301, 0.0186912427447, 0.00871357312742, 0.0249430887155, 0.0126610866541, 0.00492600080503
WGJets_muRmuF, 0.000148465168193, 0.0140551021155, 0.026110297816, 0.0839759606724, 0.0183857407109, 0.123454880662, 0.0160782429664, 0.00505848212565, 0.0323113975528, 0.0109288529866, 0.000395222538872, 0.0217928439546
