signal muon barrel, bin1, bin2, bin3, bin4, bin5, bin6, bin7, bin8, bin9, bin10, bin11, bin12, 
WGJJ_pdf, 0.000826592053894, 0.00173532544904, 0.000930759669667, 0.00168540761252, 0.000769215877115, 0.000756185355174, 0.000774791096925, 0.000995276258957, 0.00117488653991, 0.000906121226015, 0.00184646574994, 0.000680628161217
WGJJ_scale, 0.0577361797447, 0.0539599447344, 0.0330740571178, 0.0205937172673, 0.0549916445565, 0.0422348948724, 0.0286181146965, 0.0188900993254, 0.0397397336634, 0.0287861899281, 0.0145397423325, 0.0268580515342
WGJets_pdf, 0.000658928008683, 0.000547544745076, 0.000612578527732, 0.00092752992607, 0.000665673765012, 0.000471794540206, 0.000461991423706, 0.000730779471674, 0.000373074074055, 0.000613984530257, 0.000517033473525, 0.00114880428485
WGJets_muR1, 0.0249856897303, 0.000634615978996, 0.000630837810835, 0.0121871917983, 0.0167115186944, 0.00113975551741, 0.0121437132693, 0.000501930694521, 0.00754232983855, 0.0214228675653, 0.0114670502847, 0.0301032326593
WGJets_muF1, 0.0161983817558, 0.0283698681257, 0.0126471268038, 0.00146126773108, 0.00771336650402, 0.00335964481364, 0.00165081498046, 0.0294088801971, 0.00443616601885, 0.0217178900587, 0.00909419948347, 0.00797270715475
WGJets_muRmuF, 0.0410804920358, 0.0273618581062, 0.0117529126203, 0.0137482465797, 0.0240761266722, 0.00438764102997, 0.010477277592, 0.0299926134997, 0.0031648210582, 0.0431129440643, 0.0205042072947, 0.0376214035573
