control electron barrel, bin1, bin2, bin3, 
WGJJ_pdf, 0.000516395634367, 0.000338414270858, 0.000389632626101
WGJJ_scale, 0.00411493695634, 0.000964256574311, 0.00428658170881
WGJets_pdf, 8.43100741511e-05, 0.000184396262289, 0.000227919244258
WGJets_muR1, 0.00242207598868, 0.00163120087101, 0.00427164751075
WGJets_muF1, 0.00176553989613, 0.00206251136233, 0.00162878790668
WGJets_muRmuF, 0.000694352801775, 0.000419658543701, 0.00273304363618
