control muon endcap, bin1, bin2, bin3, 
WGJJ_pdf, 0.000464208212619, 0.00116060072495, 0.000903233905486
WGJJ_scale, 0.00497140013499, 0.00208175459172, 0.00219049203499
WGJets_pdf, 0.000248740802605, 0.000283775767754, 0.000459262828623
WGJets_muR1, 0.0117717492006, 0.0128848262907, 0.0127952704587
WGJets_muF1, 0.00750851193721, 0.00820934712148, 0.00817583082157
WGJets_muRmuF, 0.00437997523499, 0.00474852908403, 0.00483307218452
