control electron endcap, bin1, bin2, bin3, 
WGJJ_pdf, 0.00629831952105, 0.00284518644948, 0.00277197457459
WGJJ_scale, 0.0104858582203, 0.0102467411216, 0.00144308100638
WGJets_pdf, 0.000234353214113, 0.000434123809718, 0.000714414986272
WGJets_muR1, 0.00432827400052, 0.010412524603, 0.00350270466938
WGJets_muF1, 0.00672633847617, 0.00385234714833, 0.0144232343251
WGJets_muRmuF, 0.0023315573996, 0.00655271963674, 0.017709934618
