2018, barrel, endcap
25 GeV < photon pt < 30 GeV, 0.336438932891 +- 0.00450100817319, 0.253076474554 +- 0.00699940930261
30 GeV < photon pt < 40 GeV, 0.225898606439 +- 0.00305452138611, 0.186353078302 +- 0.00504273052478
40 GeV < photon pt < 50 GeV, 0.182425689364 +- 0.00355876293075, 0.145168431241 +- 0.00574060662244
50 GeV < photon pt < 70 GeV, 0.143215197807 +- 0.00293679210242, 0.119885664804 +- 0.00514289747641
70 GeV < photon pt < 100 GeV, 0.106015367462 +- 0.00302346533495, 0.0974652110282 +- 0.00611607296645
100 GeV < photon pt < 135 GeV, 0.0630820315486 +- 0.00300966799589, 0.0733437591 +- 0.00850702260858
135 GeV < photon pt < 400 GeV, 0.0421566971622 +- 0.0025188581845, 0.0384901048959 +- 0.00665552046189
