2017, barrel, endcap
25 GeV < photon pt < 30 GeV, 0.356991858786 +- 0.00541624049647, 0.247116065615 +- 0.00848118675839
30 GeV < photon pt < 40 GeV, 0.240163170062 +- 0.00370114126795, 0.182271270101 +- 0.00608090570322
40 GeV < photon pt < 50 GeV, 0.183072265968 +- 0.00413194908456, 0.15079578361 +- 0.00740890019172
50 GeV < photon pt < 70 GeV, 0.151640107708 +- 0.00362334406357, 0.131981731035 +- 0.00696476650343
70 GeV < photon pt < 100 GeV, 0.116276978314 +- 0.00391978213078, 0.0886231425177 +- 0.00707596323448
100 GeV < photon pt < 135 GeV, 0.0783627600342 +- 0.00452886222668, 0.0641720487089 +- 0.00939797156508
135 GeV < photon pt < 400 GeV, 0.0562289188477 +- 0.00417290473213, 0.0433747207979 +- 0.0104205374215
