aqgc muon all, bin1, bin2, bin3, bin4, bin5, 
WGJJ_pdf, 0.000368162935015, 0.000819841000734, 0.00129260976784, 0.00185960305468, 0.00183758212794
WGJJ_scale, 0.007930086646, 0.00492661428786, 0.0143401153229, 0.0197446695902, 0.0371820446528
WGJets_pdf, 0.000550723028285, 0.00204111964545, 0.00157429798726, 0.00558359283409, 0.00494301762275
WGJets_muR1, 0.00428552105331, 0.0283128981422, 0.0152829423802, 0.000829272924378, 0.0361086970117
WGJets_muF1, 0.00207552884002, 0.0234410949004, 0.0227540867352, 0.0514939020787, 0.00742647154669
WGJets_muRmuF, 0.00213578836209, 0.00481411533279, 0.00727322236634, 0.0519181396989, 0.0444512586262
