control muon endcap, bin1, bin2, bin3, bin4, bin5, 
WGJJ_pdf, 0.000645143984526, 0.000591215826641, 0.000476709122975, 0.000239137116913, 0.00247336712401
WGJJ_scale, 0.0104085850037, 0.0156914030394, 0.0108616096889, 0.00682349036692, 0.0565329528135
WGJets_pdf, 0.000552161219607, 0.000426966854059, 0.0002042236695, 0.000235662845561, 0.00750662034811
WGJets_muR1, 0.00104959488845, 0.0136457101272, 0.00775620355715, 0.00727459379207, 0.0363775633007
WGJets_muF1, 0.000206147872353, 0.00745229791431, 0.00667973171889, 0.00354458764964, 0.0464665560487
WGJets_muRmuF, 0.000710112729524, 0.0211797274524, 0.0010295438437, 0.0109895761737, 0.0107081315915
