signal electron endcap, bin1, bin2, bin3, bin4, bin5, 
WGJJ_pdf, 0.00208082864983, 0.00335094165144, 0.00189347734288, 0.000471283710645, 0.00111417642239
WGJJ_scale, 0.00415035556746, 0.0132684817483, 0.0119830588735, 0.000586082477743, 0.0347318839927
WGJets_pdf, 0.00291678069842, 0.00106197692424, 0.000932464998032, 0.000662042876507, 0.00908200115678
WGJets_muR1, 0.0275817856365, 0.01479657787, 0.0148054872707, 0.00904734724274, 0.066476746044
WGJets_muF1, 0.0235913687508, 0.0014933536403, 0.000671921443491, 0.00502103563015, 0.00706503721032
WGJets_muRmuF, 0.00445406608396, 0.0137686426679, 0.0162615148405, 0.014272011824, 0.0587696183402
