control electron endcap, bin1, bin2, bin3, bin4, bin5, 
WGJJ_pdf, 0.000693897542045, 0.000533959687197, 0.000675221079201, 0.000212592070553, 0.00151693770603
WGJJ_scale, 0.0117782926216, 0.0140505065924, 0.0127644817186, 0.00379143829838, 0.0470949280104
WGJets_pdf, 0.0, 0.0, 0.0, 0.0, 0.0
WGJets_muR1, 0.0, 0.0, 0.0, 0.0, 0.0
WGJets_muF1, 0.0, 0.0, 0.0, 0.0, 0.0
WGJets_muRmuF, 0.0, 0.0, 0.0, 0.0, 0.0
