signal electron barrel, bin1, bin2, bin3, bin4, bin5, 
WGJJ_pdf, 0.000743082066816, 0.000332746561203, 0.000380957564762, 0.000128295144199, 0.00170049557644
WGJJ_scale, 0.0130209560799, 0.00978147727175, 0.0081202365189, 0.00439169536566, 0.0409229872765
WGJets_pdf, 0.0, 0.0, 0.0, 0.0, 0.0
WGJets_muR1, 0.0, 0.0, 0.0, 0.0, 0.0
WGJets_muF1, 0.0, 0.0, 0.0, 0.0, 0.0
WGJets_muRmuF, 0.0, 0.0, 0.0, 0.0, 0.0
