signal muon barrel, bin1, bin2, bin3, bin4, bin5, 
WGJJ_pdf, 0.000300326120009, 0.000329863353644, 0.000175518530013, 0.000148408250574, 0.00157637572523
WGJJ_scale, 0.00909359071973, 0.00844476031064, 0.00706582519397, 0.0059883892283, 0.0423457459167
WGJets_pdf, 0.000466984406296, 0.000554393045708, 0.000223861296034, 0.000274575561342, 0.00142591705614
WGJets_muR1, 0.0115602427652, 0.020360436331, 0.00909668895005, 0.00498763128422, 0.00660341376987
WGJets_muF1, 0.00265502647078, 0.00167928228639, 0.00248227082132, 0.000858345550446, 0.000713598647188
WGJets_muRmuF, 0.0142888347006, 0.0222283344602, 0.00687689682148, 0.00403608912898, 0.00669636966711
