control muon barrel, bin1, bin2, bin3, bin4, bin5, 
WGJJ_pdf, 0.000322911392586, 0.000279658197669, 0.00024393838627, 0.000186213734908, 0.00215419274707
WGJJ_scale, 0.0119777858915, 0.0116631691269, 0.00809917537559, 0.0123073279216, 0.0626024600225
WGJets_pdf, 0.0, 0.0, 0.0, 0.0, 0.0
WGJets_muR1, 0.0, 0.0, 0.0, 0.0, 0.0
WGJets_muF1, 0.0, 0.0, 0.0, 0.0, 0.0
WGJets_muRmuF, 0.0, 0.0, 0.0, 0.0, 0.0
