signal muon barrel, bin1, bin2, bin3, bin4, bin5, 
WGJJ_pdf, 0.000441079172375, 0.00017225725347, 0.00030070549157, 0.000176626150446, 0.00165215032899
WGJJ_scale, 0.00900029584649, 0.00961400986361, 0.00689080543303, 0.00663455235422, 0.0423289668929
WGJets_pdf, 0.0, 0.0, 0.0, 0.0, 0.0
WGJets_muR1, 0.0, 0.0, 0.0, 0.0, 0.0
WGJets_muF1, 0.0, 0.0, 0.0, 0.0, 0.0
WGJets_muRmuF, 0.0, 0.0, 0.0, 0.0, 0.0
