signal electron barrel, bin1, bin2, bin3, bin4, bin5, bin6, bin7, bin8, bin9, bin10, bin11, bin12, 
WGJJ_pdf, 0.000845989074961, 0.000946912858488, 0.000586164687634, 0.00030719046588, 0.000588506399205, 0.000802673758838, 0.000604680440329, 0.000686060348638, 0.000582275508586, 0.000632632070326, 0.000388532116729, 0.000542025742399
WGJJ_scale, 0.0543935223245, 0.0488729440949, 0.035348142944, 0.015067348478, 0.0543749486878, 0.0417121942653, 0.0257980707577, 0.0183766842723, 0.0404802343752, 0.031370211796, 0.0180037726295, 0.0268350692927
WGJets_pdf, 0.000585633384983, 0.000595024432761, 0.000563509757118, 0.00191965901918, 0.000436587775456, 0.000998309298781, 0.000963821299109, 0.000984853032219, 0.000514077547363, 0.000981307068465, 0.00146333625976, 0.000952975121271
WGJets_muR1, 0.000553679458701, 0.0179804674727, 0.0271639899134, 0.0329335894518, 0.0263756655056, 0.0884056482596, 0.0300927477549, 0.0239079267214, 0.0232801756891, 0.0140200797309, 0.0123565770585, 0.0268935661937
WGJets_muF1, 0.00056292962581, 0.00358826999059, 0.00152677836037, 0.0512984583993, 0.00797007940197, 0.0351046010573, 0.0142074360301, 0.0186912427447, 0.00871357312742, 0.0249430887155, 0.0126610866541, 0.00492600080503
WGJets_muRmuF, 0.000148465168193, 0.0140551021155, 0.026110297816, 0.0839759606724, 0.0183857407109, 0.123454880662, 0.0160782429664, 0.00505848212565, 0.0323113975528, 0.0109288529866, 0.000395222538872, 0.0217928439546
