signal muon endcap, bin1, bin2, bin3, bin4, bin5, bin6, bin7, bin8, bin9, bin10, bin11, bin12, 
WGJJ_pdf, 0.000775114736685, 0.00128672869638, 0.00144753362698, 0.00106606762853, 0.00122981387457, 0.00111330741492, 0.000986396304674, 0.0005772445691, 0.000811154895415, 0.000963709870404, 0.000700358934536, 0.000552085727274
WGJJ_scale, 0.0550015148845, 0.0432174508017, 0.0269987821962, 0.0160863161471, 0.0543929322464, 0.0382380742912, 0.0304407706419, 0.0154965140596, 0.0409903350694, 0.032733043412, 0.0196140256147, 0.0269754395408
WGJets_pdf, 0.00178824544875, 0.00215884650323, 0.00123237627848, 0.00152053007392, 0.00150875735146, 0.00132582767864, 0.00422235406985, 0.00139003423023, 0.001335802125, 0.00239109087565, 0.00229175169848, 0.00508684285165
WGJets_muR1, 0.00780633215834, 0.0143497100788, 0.0222599130632, 0.00683794924847, 0.0304300424584, 0.030037892357, 0.0859809988266, 0.0668529072582, 0.0271147150172, 0.0138652649081, 0.0143749907723, 0.000807742157415
WGJets_muF1, 0.00547804357766, 0.0334846189692, 0.0301235495806, 0.0268189465236, 0.00470658100121, 0.0220842562481, 0.0142174148301, 0.0195787516038, 0.00547541755353, 0.0491172176476, 0.0119764990966, 0.00156057959988
WGJets_muRmuF, 0.00241010715834, 0.0471521329375, 0.0515979484634, 0.0201265862898, 0.0352168607985, 0.00841811986106, 0.0727634415286, 0.0471707059946, 0.0224359699886, 0.0623954134618, 0.00232920271867, 0.00115556744411
