control electron barrel, bin1, bin2, bin3, 
WGJJ_pdf, 0.000276216889953, 0.000161420678029, 0.000221746294517
WGJJ_scale, 0.00818208418024, 0.00152592248652, 0.00802006588783
WGJets_pdf, 8.76117301078e-05, 0.000180131068103, 0.000243266911128
WGJets_muR1, 0.00223968191203, 0.000896002326076, 0.00836014473915
WGJets_muF1, 0.00156692073856, 0.000683862969997, 0.00595012841115
WGJets_muRmuF, 0.000717511399485, 0.000232110598886, 0.00258073041553
